[Agitococcus] lubricus group	6
[Caedibacter] caryophilus group	0
[Cytophaga] xylanolytica group	6
[Desulfobacterium] catecholicum group	6
[Eubacterium] brachy group	6
028H05-P-BN-P5	0
0319-6G20	6
0319-6M6	0
09D2Z46	0
1013-28-CG33	0
10bav-F6	0
11-24	6
195up	6
4-29	0
43F-1404R	6
5m83	0
A0839	6
ABS-19	0
AC1	6
Acanthopleuribacter	6
Acanthopleuribacteraceae	0
Acanthopleuribacterales (Acidobacteria group 8)	0
Acetobacteraceae	6
Acetobacteroides	6
Acholeplasmataceae	0
Achromobacter	6
Achromobacter marplatensis	6
Acidaminobacter	6
Acidaminobacteraceae	6
Acidaminococcaceae	6
Acidibacter	6
Acidiferrobacteraceae	0
Acidimicrobiaceae	0
Acidimicrobiales	0
Acidimicrobineae	0
Aciditerrimonas	6
Acidobacteria	0
Acidobacteria group 10	0
Acidobacteria group 11	6
Acidobacteria group 13	6
Acidobacteria group 15	0
Acidobacteria group 17	0
Acidobacteria group 18	0
Acidobacteria group 2	6
Acidobacteria group 21	0
Acidobacteria group 22	0
Acidobacteria group 23	6
Acidobacteria group 26	0
Acidobacteria group 5	0
Acidobacteria group 9	0
Acidobacteriaceae	6
Acidothermaceae	6
Acidovorax	6
Acinetobacter	6
Actibacter	6
Actinobacteria	6
Actinomycetaceae	6
Actinomycetales	6
Actinopolysporaceae	6
Acutodesmus obliquus	0
AEGEAN-245	0
Aequorivita antarctica	0
Aerococcaceae	6
Aeromicrobium	6
Aeromonadaceae	6
Aeromonas	6
Aestuariivita	0
Aetherobacter	6
Afifella	0
Ahrensia	0
AKAU3564 sediment group	0
AKAU4049	0
AKYH767	6
Albidiferax	6
Albimonas	0
Albirhodobacter	6
Albugo laibachii	6
Alcaligenaceae	6
Alcanivoracaceae	0
Alcanivorax	0
Algicola	6
Algoriphagus	6
Alicyclobacillaceae	6
Alistipes	0
Alkalispirillum	0
Alkanindiges	6
Alloprevotella rava	6
Alphaproteobacteria	0
Alpinimonas	0
Alpinimonas psychrophila	0
Altererythrobacter	0
Alterococcus	0
Alteromonadaceae	0
Alteromonadales	0
Alteromonas stellipolaris	0
Alysiosphaera	6
Amoebophilaceae	0
AMOS1A-4113-D04	6
Anaerobranca	6
Anaerolinea	6
Anaerolineaceae	6
Anaerolineaceae UCG-001	6
Anaerolineae	6
Anaerolineales	6
Anaeromyxobacter	6
Anaeroplasmataceae	6
Anaerovorax	6
Anaplasmataceae	6
Ancalomicrobium	0
Anderseniella	0
Angulomicrobium	0
ANME-1b	0
ANME-3	0
Aquibacter	0
Aquicella	0
Aquimonas	0
Arcicella	6
Arcobacter	6
Arcobacteraceae	0
Arctic95B-14	0
Ardenticatenales	0
Ardenticatenia	0
Arenibacter	0
Arenicella	0
Arenicella chitinivorans	0
Arenicellaceae	0
Arenimonas	6
Armatimonas	0
Arthrobacter	6
Arthrospira	0
AT-s3-28	0
AT-s3-44	0
Atopostipes	0
Atribacteria	6
Aurantimonadaceae	0
Aureisphaera	0
Aureispira	0
Aureitalea	0
Azoarcus	0
B1-7BS	6
B142	0
Bacillaceae	6
Bacillales	0
Bacilli	6
Bacillus	6
Bacteria (superkingdom)	0
bacteriap25	0
Bacteriovoracaceae	0
Bacteriovorax	6
Bacteroidaceae	6
Bacteroidales	6
Bacteroidales RF16 group	0
Bacteroides	6
Bacteroides plebeius	6
Bacteroidetes	6
Bacteroidetes BD2-2	6
Bacteroidetes vadinHA17	6
Bacteroidetes VC2.1 Bac22	6
Bacteroidia	0
Bacteroidia Incertae Sedis	6
Balneola	0
Balneolaceae	0
Barnesiellaceae	0
Bartonellaceae	6
Bauldia	0
BD1-7 clade	0
BD2-11 terrestrial group	0
BD2-3	6
BD2-7	0
BD7-11	0
BD7-8 marine group	0
Bdellovibrio	0
Bdellovibrionaceae	0
Bdellovibrionales	0
Beggiatoa	0
Beijerinckiaceae	6
Belgica2005-10-ZG-3	0
Betaproteobacteria	6
Beutenbergiaceae	6
Bifidobacteriaceae	6
Bifidobacterium	6
BIgi5	0
BIrii41	0
Blastocatella	0
Blastocatellaceae	0
Blastocatellales	0
Blastopirellula	0
Blfdi19	0
Blvii28 wastewater-sludge group	6
Bolidomonas pacifica	0
Bosea	6
Boseongicola	0
Bradymonadales	0
Bradyrhizobiaceae	6
Bradyrhizobium	6
BRC1	6
Brevibacteriaceae	0
Brevundimonas	6
Brocadiaceae	6
Brucellaceae	6
Bryobacter	6
BSV13	6
BSV26	6
Burkholderia	6
Burkholderiaceae	6
Burkholderiales	6
Bythopirellula	0
C86	0
Ca. Absconditabacteria (SR1)	6
Ca. Acetothermia (OP1)	6
Ca. Allobeggiatoa	0
Ca. Aminicenantes (OP8)	6
Ca. Atribacteria	0
Ca. Bathyarchaeota	0
Ca. Dependentiae (TM6)	0
Ca. Entotheonella	0
Ca. Gracilibacteria	0
Ca. Hydrogenedentes (NKB19)	6
Ca. Latescibacter	6
Ca. Latescibacteria (WS3)	0
Ca. Lokiarchaeota	0
Ca. Methylacidiphilum	0
Ca. Microgenomates (OP11)	0
Ca. Modulibacteria (KSB3)	0
Ca. Nitrosoarchaeum	0
Ca. Nitrosopumilales	0
Ca. Nitrosopumilus	0
Ca. Nitrosopumilus family incertae sedis	0
Ca. Omnitrophica (OP3)	0
Ca. Parcubacteria	0
Ca. Parvarchaeota	6
Ca. Peregrinibacteria	6
Ca. Saccharibacteria (TM7)	0
Ca. Solibacter	6
Ca. Tectomicrobia	0
Ca. Tenderia family incertae sedis	0
Ca. Woesearchaeota	0
Ca. Zixibacteria (RBG-1)	0
CA002	0
CABC2E06	6
Cafeteria roenbergensis	0
Caldilinea	6
Caldilineaceae	0
Caldilineales	6
Caldithrix	0
Caldithrix family incertae sedis	0
Caldithrix phylum incertae sedis	0
Caloramator	6
Calothrix	6
Campylobacteraceae	6
Campylobacterales	0
Campylobacteria	0
Candidatus Accumulibacter	6
Candidatus Alysiosphaera	0
Candidatus Amoebophilus	0
Candidatus Aquiluna	0
Candidatus Competibacter	6
Candidatus Endobugula	0
Candidatus Koribacter	6
Candidatus Microthrix	0
Candidatus Peribacteria	0
Candidatus Scalindua	0
Candidatus Xiphinematobacter	0
Carboxylicivirga	6
Cardiobacteriaceae	6
Carnobacteriaceae	0
Catalimonadaceae 	0
Caulobacter	6
Caulobacteraceae	0
CCA47	0
CCM11a	0
Cellulomonadaceae	0
Cellvibrio	6
Cellvibrionaceae	0
Cellvibrionales	0
Cenarchaeum	0
Chaetoceros neogracile	0
Chitinivibrionia	6
Chitinivorax	0
Chitinophaga	6
Chitinophagaceae	6
Chitinophagales	0
Chitinophagia	0
Chlamydiaceae	6
Chlamydiales	6
Chlamydomonadaceae	0
Chlamydomonas	0
Chlamydomonas geitleri	0
Chlamydomonas kuwadae	0
Chlamydomonas perpusilla	0
Chlamydomonas proteus	0
Chlorella	0
Chloroacidobacterium	0
Chlorobi	0
Chlorobiaceae	0
Chlorobiales	6
Chlorobium	0
Chloroflexaceae	0
Chloroflexales	6
Chloroflexi	6
Chloroflexi Subdivision 13	6
Chloroflexi Subdivision 2	0
Chloroflexi Subdivision 5 (SAR202)	0
Chloroflexi Subdivision 8 (TK10)	0
Chlorokybus atmophyticus	0
Christensenellaceae	6
Christensenellaceae R-7 group	6
Chromatiaceae	6
Chromatiales	0
Chroococcales	0
Chryseobacterium	6
Chryseolinea	6
Chrysochromulina camella	0
Chthoniobacter	6
Chthoniobacteraceae	0
Chthoniobacterales	0
CK-1C2-67	0
CL500-29 marine group	6
Cloacibacterium	6
Cloacimonetes	6
Clostridia	6
Clostridiaceae	6
Clostridiales	6
Clostridiales Incertae Sedis	0
Clostridiales vadinBB60 group	6
Clostridium rectum	6
Clostridium sensu stricto	0
Cohaesibacter	0
Colwellia	0
Colwelliaceae	0
Comamonadaceae	6
Comamonas	6
Conexibacteraceae	0
Congregibacter	0
Corallomonas	0
Corethron pennatum	0
Coriobacteriaceae	6
Corynebacteriaceae	6
Corynebacterineae	6
Coxiella	0
Coxiellaceae	0
CPR2	6
Crenothrix	6
Crenotrichaceae	0
Criblamydiaceae	0
Crocinitomicaceae	0
Crocinitomix	0
Cryomorphacea	0
Cryomorphaceae	0
Cryothecomonas	0
Cryothecomonas longipes	0
CrystalBog021C3	0
CS-B046	6
Curvibacter fontanus	6
Cyanobacteria	0
Cyanobacteriaceae	0
Cyanobacterium	0
Cyclobacteriaceae	0
Cyrtostrombidium	0
Cystobacteraceae	0
Cystobacterineae	0
Cytophaga	6
Cytophagaceae	0
Cytophagales	0
Cytophagia	0
d142	6
D8A-2	0
DA101 soil group	6
DA111	6
Dasania	0
Dechloromonas	6
Deefgea	6
Deferribacteraceae	6
Deferribacterales	6
Deferribacteres	6
Deferrisoma	0
Defluvibacter	6
Defluviicoccus	0
Defluviimonas	6
Defluviitaleaceae	6
Defluviitaleaceae UCG-011	6
Dehalococcoidetes	0
Dehalococcoidia (subdiv. 6)	0
Deinococcaceae	0
Deltaproteobacteria	0
Demequina	0
Denitratisoma	6
Dermabacteraceae	0
Dermacoccaceae	0
Desmodesmus communis	6
Desulfarculaceae	0
Desulfarculales	0
Desulfatiferula	6
Desulfatiferula berrensis	6
Desulfatiferula olefinivorans	6
Desulfatiglans	0
Desulfatirhabdium	6
Desulfatitalea	0
Desulfobacca	0
Desulfobacter	6
Desulfobacteraceae	6
Desulfobacterales	6
Desulfobacterium	6
Desulfobacula	6
Desulfobulbaceae	6
Desulfobulbus	0
Desulfocapsa	0
Desulfococcus	6
Desulfoconvexum	6
Desulfofaba	0
Desulfohalobiaceae	6
Desulfomicrobiaceae	6
Desulfomicrobium	6
Desulfonatronumaceae	6
Desulfonema	6
Desulfopila	0
Desulforegula	0
Desulforhopalus	6
Desulforhopalus singaporensis	6
Desulfosarcina	6
Desulfovibrio	6
Desulfovibrionaceae	6
Desulfovibrionales	6
Desulfurellales	0
Desulfurivibrio	0
Desulfurobacteriaceae	0
Desulfuromonadaceae	0
Desulfuromonadales	6
Desulfuromonas	0
Desulfuromusa	0
Dethiosulfatibacter	0
DEV007	0
Devosia	0
Diaphanoeca	0
Dictyoglomaceae	6
Dietziaceae	6
Dinghuibacter	6
Dinophyta	0
Dinoroseobacter	0
Dokdonella	6
Dokdonia	0
Draconibacteriaceae	6
Draconibacterium	6
DTB120	0
DUNssu044	0
Dyadobacter	6
Dysteria	0
Dysteria pectinata	0
E01-9C-26 marine group	0
EC3	0
Ectothiorhodospiraceae	0
Eel-36e1D6	0
EF100-94H03	0
Eionea	0
Ekhidna	0
Elev-16S-1332	0
Elusimicrobia (class)	0
Elusimicrobiaceae	6
Emcibacter	0
Emticicia	6
Endoecteinascidiaceae	6
Endomicrobia	0
endosymbionts	0
Endozoicimonaceae	0
Endozoicomonas	0
Enhygromyxa	0
Enterobacteriaceae	6
Enterococcaceae	6
Enterococcocus	6
env.OPS 17	6
Epsilonbacteraeota	6
Epsilonproteobacteria	6
Ercella	6
Erysipelothrix	6
Erysipelotrichaceae	6
Erysipelotrichi	6
Erythrobacter	0
Erythrobacteraceae	0
Eubacteriaceae	6
Eudoraea	6
Euzebya	0
Euzebyaceae	0
Fabibacter	0
Facklamia	0
Faecalibacterium	6
Family XI (Clostridiales)	6
Family XII (Clostridiales)	0
Fangia - Caedibacter clade	0
FCB group	0
FCPU426	0
FD035	6
Ferribacterium	6
Ferrimonadaceae	0
Ferritrophicum	0
Ferruginibacter	6
Fibrobacter	0
Fibrobacteraceae	6
Fibrobacterales	6
Fibrobacteria	0
Filimonas	6
Filomicrobium	0
Fimbriimonadaceae	6
Fimbriimonadales	0
Firmicutes	6
Flammeovirgaceae	0
Flavihumibacter	6
Flavobacteriaceae	0
Flavobacteriales	0
Flavobacteriia	6
Flavobacterium	6
Flavobacterium cheniae	6
Flavobacterium oncorhynchi	6
Flavobacterium terrigena	6
Flectobacillus	6
Flexibacter litoralis DSM 6794	0
Flexithrix	0
Fluviicola	0
Fodinicola	6
Formivibrio	6
Formosa	0
Francisellaceae	6
Frankiaceae	0
Frenkelia glareoli	6
FS117-23B-02	0
Fulvivirga	0
Fusibacter	6
Fusobacteriaceae	6
Fusobacteriales	6
Fusobacterium	6
FW113	6
FW13	0
FW22	0
G55	0
Gaetbulibacter	0
Gaiella	0
Gaiellaceae	0
Gaiellales	0
Gallionellaceae	6
Gammaproteobacteria	0
Gastranaerophilales	6
Gemellaceae	0
Geminigera	0
Geminigera cryophila	0
Gemmata	6
Gemmataceae	0
Gemmatimonadaceae	0
Gemmatimonadales	0
Gemmatimonadetes	0
Gemmatimonas	6
Geobacter	6
Geobacteraceae	6
Geodermatophilaceae	0
Geopsychrobacter	0
Georgenia	6
Georgfuchsia	6
Geothermobacter	0
GIF3	0
GIF9	6
Gillisia	0
Gilvibacter	0
Gitt-GS-136	0
Glaciecola	0
Gleocapsa	0
Gloeobacterales	0
Glycomycetaceae	6
GoM-GC232-4463-Bac1	0
Gordonia	6
Gordoniaceae	6
GOUTB8	0
Gracilibacteria	0
Gracilimonas	0
Gramella	0
Grammonema striatula	0
Granulosicoccaceae	0
Granulosicoccus	0
Group C3	0
Guillardia theta	0
Gynuella	0
Gyrodinium gutrula	0
Gyrodinium rubrum	0
H16	0
Hafnia	6
Hahellaceae	0
Halanaerobiaceae	6
Halanaerobiales	6
Halanaerobiales class incertae sedis	6
Haliangiaceae	0
Haliangium	0
Haliea	0
Halieaceae	6
Halioglobus	0
Haliscomenobacter	6
Haliscomenobacter hydrossis	6
Haliscomenobacteraceae	0
Halobacteriales	6
Halobacteriovorax	0
Haloferula	6
Halomonadaceae	0
Halomonas	6
Halomonas phosphatis	0
Halotalea	6
Halothiobacillaceae	0
Halteria	6
Haslea nipkowii	0
Helicobacteraceae	6
Heliobacteriaceae	0
Heliorestis	6
Hirschia	6
HOC36	0
Holophaga	6
Holophagaceae	6
Holosporaceae	6
Hoppeia	0
HTA4	0
Hydrogenophaga	6
Hydrogenophilaceae	0
Hymenobacter	6
Hyphomicrobiaceae	0
Hyphomicrobium	0
Hyphomonadaceae	0
Hyphomonas	0
Iamia	6
Idiomarinaceae	0
Ignavibacteriaceae	0
Ignavibacteriales	0
Ignavibacterium	6
IheB3-7	6
Ika33	6
Ilumatobacter	0
Ilumatobacter nonamiensis	0
Ilyobacter	6
Inhella	6
Intrasporangiaceae	6
Jejudonia	0
Jeotgalicoccus pinnipedialis	6
JG30-KF-CM45	0
JG30-KF-CM66	0
JG34-KF-361	0
JG35-K1-AG5	6
JG37-AG-20	6
JTB23	0
Kangiella	0
Karlodinium veneficum	0
KCLunmb-38-53	0
KCM-B-112	0
KD3-93	6
KD4-96	0
Ketogulonicigenium	0
KF-JG30-B3	0
KI89A clade	0
Kiloniellaceae	0
Kiloniellales	0
Kineosporiaceae	0
Kleinstyla dorsicirrata	0
Kofleriaceae	0
Kordiimonadaceae	0
Kordiimonadales	0
Kordiimonas	0
Ktedonobacteraceae	0
Ktedonobacteria	0
Labrenzia	0
Lachnospiraceae	6
Lactobacillaceae	6
Lactobacillales	0
Lamprocystis	6
Latescibacteria	6
Lautropia	6
LCP-89	6
LD1-PA32	6
LD1-PB3	6
Leadbetterella	6
Leeia	6
Legionella	0
Legionellaceae	0
Legionellales	6
Lentimicrobiaceae	6
Lentimonas	0
Lentisphaera	0
Lentisphaeraceae	0
Leptolyngbya	0
Leptospiraceae	6
Leptospiriales	0
Leptothrix	6
Leptothrix ginsengisoli	6
Leptotrichia	6
Leptotrichiaceae	6
Leucobacter	6
Leuconostocaceae	6
Leucothrix	0
Lewinella	0
Lewinella antarctica	0
Limnobacter	0
Limnohabitans	6
Lineage IIb	0
LiUU-11-161	6
livecontrolB21	0
LK-44f	0
Loktanella	0
Loktanella vestfoldensis	0
Longimicrobiaceae	0
Luteibacter	0
Luteolibacter	6
Lutibacter	6
Lutibacterium	0
Lutimonas	0
Lweinellacea	0
M2PB4-65 termite group	6
MA-28-I98C	6
MACA-EFT26	0
Macellibacteroides	6
Magnetobacterium	6
Magnetospira	0
Magnetovibrio	0
Maribacter	0
Maribacter chungangensis	0
Marimicrobium	6
Marine Benthic Group D and DHVEG-1	6
Marine Benthic Group E	0
Marine Hydrothermal Vent Group(MHVG)	0
Marine Methylotrophic Group 1	0
Marine Methylotrophic Group 2	0
Marinicella	0
Marinicellaceae	0
Marinifilum	0
Mariniflexile	0
Marinilabiaceae	6
Marinimicrobia (SAR406 clade)	6
Marinobacter	0
Marinobacterium	0
Marinomonas	0
Marinoscillum furvescens	0
Marinoscillum luteum	0
Mariprofundaceae	0
Mariprofundus	0
Maritimimonas	0
Maritimimonas rapanae	0
Marivirga	0
Massilia	6
MB-A2-108	0
MBAE14	0
MD2896-B214	0
MD2898-B26	0
MD2902-B12	0
Meiothermus	0
Melioribacteraceae	0
Mesorhizobium	0
Methanobrevibacter	0
Methanoculleus	6
Methanogenium	0
Methanolinea	0
Methanomicrobia	6
Methanoregula	6
Methanoregula boonei	6
Methanosaeta	0
Methanosarcina	6
Methanospirillum	6
Methylacidiphilaceae	0
Methylobacter	6
Methylobacteriaceae	0
Methyloceanibacter	0
Methylococcacea	0
Methylococcaceae	0
Methylococcales	0
Methylococcus	0
Methylocystaceae	0
Methylomarinum	0
Methylomonas	6
Methylophaga	0
Methylophilaceae	6
Methylotenera	0
Methyloversatilis	6
Microbacter	6
Microbacteriaceae	6
Microbacterium	6
Microbulbifer	0
Microcella	0
Microchaetaceae	0
Micrococcaceae	0
Microcoleus	0
Micromonas	0
Micromonas pusilla	0
Micromonosporaceae	0
Microscilla marina	0
Microxysma acutum	0
MidBa8	6
Milano	0
Milano-WF1B-44	0
Minidiscus trioculatus	0
ML635J-21	6
mle1-27	6
mle1-8	0
MND8	6
MNG7	6
Modicisalibacter	0
Mollicutes	6
Mollicutes RF9	6
Monostroma angicava	0
Moraxellaceae	6
Moritella	0
MSB-1E8	0
MSB-3A7 sediment group	6
MSB-5B2	0
MSBL3	6
MSBL5	0
MSBL7	0
MSBL9	0
Mucilaginibacter	6
Muriicola	0
Muriicola jejuensis	0
MVP-94	6
Mychonastes homosphaera	6
Mycobacteriaceae	6
Mycobacterium	6
Mycoplasmataceae	6
Myroides	6
Myxococcaceae	0
Myxococcales	0
Nakamurella	0
Nannochloropsis limnetica	0
Nannochloropsis oculata	0
Nannocystaceae	0
Nannocystineae	0
Nannocystis	0
Napoli-4B-65	6
Natranaerobiaceae	6
Nautiliaceae	6
NB1-j	0
NB1-n	6
NC10	6
Neisseriaceae	6
Neptunomonas	0
Niastella	6
Nitriliruptoraceae	0
Nitriliruptorales	0
Nitrosococcus	0
Nitrosomonadaceae	6
Nitrosomonas	0
Nitrososphaerales	0
Nitrosospira	6
Nitrosospira briensis	6
Nitrospina	0
Nitrospinaceae	0
Nitrospira (Nitrospiraceae)	0
Nitrospiraceae	0
Nitrospirales	0
Nocardiaceae	6
Nocardioidaceae	0
Nocardioides	0
Nordella	6
Nostocaceae	0
Nostocales	6
Novispirillum	0
Novosphingobium	6
NS11-12 marine group	0
NS5 marine group	0
NS7 marine group	0
NS72	0
Oceanibaculum	0
Oceaniovalibus	0
Oceaniserpentilla	0
Oceanisphaera	0
Oceanobacter	0
Oceanospirillaceae	0
Oceanospirillales	0
Oceanospirillum	0
OCS116 clade	0
Odoribacteraceae	0
ODP1230B30.09	6
ODP1230B8.23	0
Ohtaekwangia	6
Oleiphilaceae	6
Oleiphilus	0
Oleispira	0
Oligoflexaceae	0
Oligoflexales	0
OM1 clade	0
OM182 clade	0
OM190	0
OM27 clade	0
OM60(NOR5) clade	0
OPB35 soil group	6
OPB41	0
Opitutaceae	6
Opitutae	0
Opitutae vadinHA64	0
Opitutus	6
Oricola	0
Ornithobacterium	0
Oscillatoria	0
Oxalobacteraceae	6
OXIC-003	0
Oxyphotobacteria	0
P. palm C-A 51	6
P.palmC41	0
P3OB-42	0
Pacearchaeota	0
Paenisporosarcina	0
Palleronia	0
Paludibacter	6
Paludibaculum	6
Parachlamydiaceae	6
Paracoccus	6
Parahaliea	0
Paramoritella	0
Paraphysomonas butcheri	0
Paraprevotellaceae	0
Parasphingopyxis	0
Parvarchaeum	6
Parvibaculum	6
Parvularculaceae	0
Pasteurellaceae	6
Pasteuriaceae	6
Patulibacteraceae	0
PAUC34f	0
PAUC43f marine benthic group	0
Paucibacter	6
Paulinellidae	0
Pedobacter	6
Pedomicrobium	0
Pelagibacter	0
Pelagibacter ubique	0
Pelagibacteraceae	0
Pelagibius	0
Pelagicoccus	0
Pelobacter	0
Pelolinea	6
Pelomonas	0
PeM15	6
Peptococcaceae	6
Peptostreptococcaceae	0
Peredibacter	0
Peridiniaceae	0
Perlucidibaca	6
Persicirhabdus	0
Persicobacter	0
Petrimonas	0
Petrobacter	6
Phaeocystidibacter	0
Phaeocystis antarctica	0
Phaeodactylibacter	0
Phaselicystidaceae	6
Phaselicystis	6
Phenylobacterium	6
Phormidium	6
PHOS-HE36	0
PHOS-HE51	0
Photobacterium	6
Phycisphaeraceae	0
Phycisphaerae	0
Phycisphaerales	0
Phyllobacteriaceae	0
Phyllopharyngea	0
Picobiliphyte	0
Picomonas judraskeda	0
Pir4 lineage	0
Pirellula	0
Pirellulaceae	0
Piscirickettsiaceae	0
pItb-vmat-59	0
pItb-vmat-80	0
PL-11B10	6
Pla1 lineage	6
Pla3 lineage	0
Pla4 lineage	0
Planctomyces	0
Planctomycetaceae	0
Planctomycetales	0
Planctomycetes	0
Planktoluna difficilis	0
Planktomarina	0
Planktomarina temperata	0
Planktophila limnetica	0
Planktothricoides	0
Planococcaceae	0
Pleurocapsa	6
Pleurocapsales	0
pLW-20	0
Polaribacter	6
Polaribacter franzmannii	6
Polaromonas	6
Polyangiaceae	6
Polyangium	6
Polycyclovorans	0
Polymorphobacter	6
Polynucleobacter necessarius	6
Polytoma oviforme	6
Pontibacter	0
Poribacteria	0
Porphyromonadaceae	6
Portibacter	0
Porticoccaceae	0
Porticoccus	0
possible family 01	6
possible order 07	6
Prevotella 9	6
Prevotellaceae	0
Proboscia alata	0
Proboscia indica	0
Procabacteria	0
Procabacteriaceae	0
Prochlorococcaceae	0
Prochlorococcus	0
Prolixibacter	6
Prolixibacteraceae	6
Promicromonosporaceae	0
Propionibacteriaceae	6
Propionibacterineae	6
Propionigenium	0
Propionivibrio	6
Prosthecobacter	6
Proteiniphilum	0
Proteobacteria	0
Proteobacteria (superphylum)	0
PS-B29	0
Pseudahrensia	0
Pseudenhygromyxa	6
Pseudenhygromyxa salsuginis	0
Pseudoalteromonadaceae	0
Pseudoalteromonas	0
Pseudoanabaenacea	0
Pseudobacteriovorax	0
Pseudofulvibacter	0
Pseudohongiella	0
Pseudolabrys	6
Pseudomonadaceae	6
Pseudomonadales	6
Pseudomonas	6
Pseudonocardiaceae	0
Pseudorhodobacter	0
Pseudoruegeria haliotis	0
Pseudospirillum	0
Pseudoxanthomonas	6
Psychrobacter	0
Psychrobacter sanguinis	6
Psychrobium	0
Psychroflexus	0
Psychromonadaceae	0
Psychromonas	0
Psychroserpens	0
Pterosperma cristatum	0
Puniceicoccaceae	0
Puniceicoccales	0
Puniceispirillum	0
PYR10d3	6
Pyramimonas	0
Pyramimonas australis	0
Pyramimonas olivacea	0
Pyramimonas oltmannsii	0
R76-B128	0
Ralstonia	0
RB41	6
Reichenbachiella	0
Reinekea	0
Reyranella	6
Rhabdochlamydiaceae	0
Rheinheimera	0
Rhizobiaceae	6
Rhizobiales	0
Rhizobium	6
Rhizomicrobium	6
Rhizorhapis	6
Rhodobacter	6
Rhodobacter apigmentum	6
Rhodobacteraceae	0
Rhodobacterales	6
Rhodobiaceae	0
Rhodobium	0
Rhodococcus fascians	6
Rhodocyclaceae	6
Rhodoferax	6
Rhodomicrobium	0
Rhodomonas	0
Rhodopirellula	0
Rhodoplanes	6
Rhodospirillaceae	0
Rhodospirillales	0
Rhodospirillales Incertae Sedis	0
Rhodothermaceae	0
Rhodothermales	0
Rhodothermus	0
Rickettsia	0
Rickettsiaceae	0
Rickettsiales	0
Rickettsiella	0
Rikenellaceae	6
Rikenellaceae RC9 gut group	0
Rivularia	0
Rivulariaceae	0
Robiginitalea	0
Robinsoniella	6
Roseibacillus	0
Roseiflexaceae	0
Roseiflexus	6
Roseivirga	0
Roseobacter	0
Roseococcus	0
Roseomonas	6
Roseospira	0
Roseovarius	0
Rubellimicrobium	6
Rubricoccaceae	0
Rubricoccus	0
Rubritalecea	0
Rubrobacteraceae	0
Rubrobacteridae	0
Ruegeria	0
Ruminococcaceae	6
Ruminococcaceae UCG-002	6
Ruminococcaceae UCG-005	0
Ruminococcus 2	6
Run-SP154	6
S085	0
S26-47	0
Saccharicrinis	0
Saccharospirillaceae	0
Saccharospirillum	0
Salinirepens	0
Salinisphaeraceae	0
Sandaracinaceae	0
Sandaracinus	0
Sanguibacteraceae	0
Saprospira	0
Saprospiraceae	0
Saprospirales	0
Saprospiria	0
SAR11 clade	0
SAR324 clade(Marine group B)	0
SAR86 clade	0
SAR92 clade	0
SBR1093	0
SBR2076	6
SC-I-84	6
Schleiferia	0
Schlesneria	6
Scytonemataceae	0
Sedimentibacter	0
Sedimenticola	0
Sedimenticola family incertae sedis	0
Sedimentitalea	0
Sediminibacterium	6
Sediminicola	0
SEEP-SRB1	0
SEEP-SRB4	6
Segniliparaceae	0
SHA-43	0
Shewanella	6
Shewanellaceae	6
SHWN-night2	0
Siluania monomastiga	0
Simplicispira	6
Sinobacteraceae	6
SJA-15	6
SJA-28	6
SJA-68	6
Skagenf62	0
SM1A07	0
Smithella	6
Sneathiella	0
Solibacter	0
Solibacteraceae	0
Solibacterales	0
Solirubrobacter	0
Solirubrobacterales	0
Solirubrobacteriaceae	0
Sorangiineae	0
Sorangium	6
SPAM	6
Spartobacteria	0
Sphaerobacteraceae	0
Sphaerotilus	6
Sphingobacteriaceae	0
Sphingobacteriales	0
Sphingobacteriia	6
Sphingobium	6
Sphingomicrobium	0
Sphingomicrobium lutaoense	0
Sphingomonadaceae	6
Sphingomonadales	6
Sphingomonas	6
Sphingopyxis	6
Sphingopyxis rigui	6
Sphingorhabdus	0
Spirobacillales	0
Spirochaeta	6
Spirochaetaceae	0
Spirochaetales	6
Spirochaetes	6
Spirochaetia	6
Spirosoma	6
Spongiibacter	0
Spongiibacteraceae	0
Spongospora subterranea	6
Sporosarcina	0
SS1-B-02-17	0
SS1-B-06-26	0
ST-12K33	6
Staniera	6
Staphylococcaceae	6
Staphylococcus	6
Stenotrophobacter	6
Stenotrophomonas	6
Steroidobacter	6
Sterolibacterium	6
Streptococcaceae	6
Streptococcus	6
Streptomyces	0
Streptomycetaceae	0
Streptosporangiaceae	0
Strombidium caudispina	0
Strombidium paracapitatum	0
Subgroup 6	0
Sulfitobacter	0
Sulfuricurvum	6
Sulfurifustis	0
Sulfurimonas	0
Sulfurirhabdus autotrophica	0
Sulfuritalea	6
Sulfurospirillum	0
Sulfurovaceae	6
Sulfurovum	6
Sva0071	0
Sva0081 sediment group	0
Sva0485	0
Sva0725	0
Sva0996 marine group	0
Sva1033	6
Swaminathania	0
Symploca	6
Synechococcaceae	0
Synechococcales	0
Synechococcus	0
Synergistaceae	6
Synergistales	0
Syntrophaceae	6
Syntrophobacter	0
Syntrophobacteraceae	0
Syntrophobacterales	6
Syntrophomonadaceae	0
Syntrophomonas	0
Syntrophus	6
T9d	0
TACK	0
Tenacibaculum	0
Tenacibaculum dicentrarchi	0
Tepidiphilus succinatimandens	0
Terasakiella	0
Teredinibacter	0
Terrabacteria	0
Terrimonas	6
Tetrasphaera	0
Thalassiosira antarctica	0
Thalassiosira guillardii	0
Thalassiosira weissflogii	0
Thalassoarchaea mediterranii	0
Thalassobacter	0
Thalassobaculum	0
Thalassobius	0
Thalassolituus	0
Thalassomonas	0
Thalassotalea	0
Thauera	6
Thaumarchaeota	0
Thaumatomastigidae	0
Thaumatomonas	6
Thermaceae	6
Thermoactinomycetaceae	0
Thermoanaerobacteraceae	6
Thermoanaerobacterales	6
Thermodesulfobacteriaceae	6
Thermodesulfobiaceae	6
Thermodesulfovibrionaceae	6
Thermoflexales	0
Thermohalobacter	6
Thermoleophilaceae	0
Thermoleophilia	0
Thermomarinilinea	6
Thermomonosporaceae	0
Thermoplasmata	0
Thermotogaceae	0
Thermotomaculum	6
Thermovirga	0
Thioalkalimicrobium	0
Thioalkalispira	0
Thiobacillus	6
Thiobacterales	0
Thiobios	0
Thiocapsa	0
Thiocystis	0
Thioflavicoccus	6
Thioglobus singularis	0
Thiogranum	0
Thiohalobacter	0
Thiohalocapsa	6
Thiohalophilus	0
Thiohalophilus family incertae sedis	0
Thiohalorhabdaceae	0
Thiohalorhabdales	0
Thiolapillus	0
Thiolapillus family incertae sedis	0
Thiomargarita	0
Thiomicrospira	0
Thioprofundum	0
Thiorhodovibrio	6
Thiothrix	0
Thiothrix eikelboomii	0
Thiotrichaceae	0
Thiotrichales	0
Thiovulaceae	6
Tissierellaceae	6
Tistlia	0
TK34	0
TK85	0
TM146	0
TRA3-20	0
Treponema	6
Treponema 2	6
Trichococcus	6
Trichodesmium	6
Triparma laevis	0
Tropicibacter	0
Truepera	0
Trueperaceae	0
TSAC18	0
Tsukamurellaceae	6
Turicibacter	0
Turneriella	0
UASB-TL25	0
Uliginosibacterium	6
Ulvibacter	0
Undibacterium	0
Urania-1B-19 marine sediment group	0
Ureibacillus	6
Uruburuella	6
vadinBA26	0
vadinBC27 wastewater-sludge group	6
vadinHA49	0
Variibacter	0
Veillonellaceae	6
Verrucomicrobia	0
Verrucomicrobiaceae	6
Verrucomicrobiales	0
VHS-B3-70	6
VHS-B4-70	6
Vibrio	0
Vibrionaceae	0
Vibrionales	6
Victivallaceae	0
Victivallales	0
Virgulinella fragilis	0
Vorticella	0
WA-aaa01f12	0
Waddliaceae	6
Wandonia haliotis	0
Warnowia	0
WCHB1-32	6
WCHB1-41	6
Weeksellaceae	6
Wenxinia	0
Winogradskyella	0
Woeseiaceae	0
Woodsholea	6
WS1	6
WS2	6
X35	0
Xanthobacteraceae	0
Xanthomonadaceae	6
Xanthomonadales	0
Xanthomonadales Incertae Sedis	6
Xenohaliotis	0
Xenophilus	6
Xylophilus ampelinus	6
Yaniellaceae	0
Zeaxanthinibacter	0
Zoogloea	6
Zymomonas	6
